-- Sample data for Attanasio DB
USE Attanasio;

-- Populate Specialista with 50 records
INSERT INTO Specialista (nome, cognome, email, telefono, indirizzo, ruolo) VALUES
('Specialista1', 'Cognome1', 'sp1@example.com', '3200000001', 'Via Medico 1', 'Operatore'),
('Specialista2', 'Cognome2', 'sp2@example.com', '3200000002', 'Via Medico 2', 'Operatore'),
('Specialista3', 'Cognome3', 'sp3@example.com', '3200000003', 'Via Medico 3', 'Operatore'),
('Specialista4', 'Cognome4', 'sp4@example.com', '3200000004', 'Via Medico 4', 'Operatore'),
('Specialista5', 'Cognome5', 'sp5@example.com', '3200000005', 'Via Medico 5', 'Operatore'),
('Specialista6', 'Cognome6', 'sp6@example.com', '3200000006', 'Via Medico 6', 'Operatore'),
('Specialista7', 'Cognome7', 'sp7@example.com', '3200000007', 'Via Medico 7', 'Operatore'),
('Specialista8', 'Cognome8', 'sp8@example.com', '3200000008', 'Via Medico 8', 'Operatore'),
('Specialista9', 'Cognome9', 'sp9@example.com', '3200000009', 'Via Medico 9', 'Operatore'),
('Specialista10', 'Cognome10', 'sp10@example.com', '3200000010', 'Via Medico 10', 'Operatore'),
('Specialista11', 'Cognome11', 'sp11@example.com', '3200000011', 'Via Medico 11', 'Operatore'),
('Specialista12', 'Cognome12', 'sp12@example.com', '3200000012', 'Via Medico 12', 'Operatore'),
('Specialista13', 'Cognome13', 'sp13@example.com', '3200000013', 'Via Medico 13', 'Operatore'),
('Specialista14', 'Cognome14', 'sp14@example.com', '3200000014', 'Via Medico 14', 'Operatore'),
('Specialista15', 'Cognome15', 'sp15@example.com', '3200000015', 'Via Medico 15', 'Operatore'),
('Specialista16', 'Cognome16', 'sp16@example.com', '3200000016', 'Via Medico 16', 'Operatore'),
('Specialista17', 'Cognome17', 'sp17@example.com', '3200000017', 'Via Medico 17', 'Operatore'),
('Specialista18', 'Cognome18', 'sp18@example.com', '3200000018', 'Via Medico 18', 'Operatore'),
('Specialista19', 'Cognome19', 'sp19@example.com', '3200000019', 'Via Medico 19', 'Operatore'),
('Specialista20', 'Cognome20', 'sp20@example.com', '3200000020', 'Via Medico 20', 'Operatore'),
('Specialista21', 'Cognome21', 'sp21@example.com', '3200000021', 'Via Medico 21', 'Operatore'),
('Specialista22', 'Cognome22', 'sp22@example.com', '3200000022', 'Via Medico 22', 'Operatore'),
('Specialista23', 'Cognome23', 'sp23@example.com', '3200000023', 'Via Medico 23', 'Operatore'),
('Specialista24', 'Cognome24', 'sp24@example.com', '3200000024', 'Via Medico 24', 'Operatore'),
('Specialista25', 'Cognome25', 'sp25@example.com', '3200000025', 'Via Medico 25', 'Operatore'),
('Specialista26', 'Cognome26', 'sp26@example.com', '3200000026', 'Via Medico 26', 'Operatore'),
('Specialista27', 'Cognome27', 'sp27@example.com', '3200000027', 'Via Medico 27', 'Operatore'),
('Specialista28', 'Cognome28', 'sp28@example.com', '3200000028', 'Via Medico 28', 'Operatore'),
('Specialista29', 'Cognome29', 'sp29@example.com', '3200000029', 'Via Medico 29', 'Operatore'),
('Specialista30', 'Cognome30', 'sp30@example.com', '3200000030', 'Via Medico 30', 'Operatore'),
('Specialista31', 'Cognome31', 'sp31@example.com', '3200000031', 'Via Medico 31', 'Operatore'),
('Specialista32', 'Cognome32', 'sp32@example.com', '3200000032', 'Via Medico 32', 'Operatore'),
('Specialista33', 'Cognome33', 'sp33@example.com', '3200000033', 'Via Medico 33', 'Operatore'),
('Specialista34', 'Cognome34', 'sp34@example.com', '3200000034', 'Via Medico 34', 'Operatore'),
('Specialista35', 'Cognome35', 'sp35@example.com', '3200000035', 'Via Medico 35', 'Operatore'),
('Specialista36', 'Cognome36', 'sp36@example.com', '3200000036', 'Via Medico 36', 'Operatore'),
('Specialista37', 'Cognome37', 'sp37@example.com', '3200000037', 'Via Medico 37', 'Operatore'),
('Specialista38', 'Cognome38', 'sp38@example.com', '3200000038', 'Via Medico 38', 'Operatore'),
('Specialista39', 'Cognome39', 'sp39@example.com', '3200000039', 'Via Medico 39', 'Operatore'),
('Specialista40', 'Cognome40', 'sp40@example.com', '3200000040', 'Via Medico 40', 'Operatore'),
('Specialista41', 'Cognome41', 'sp41@example.com', '3200000041', 'Via Medico 41', 'Operatore'),
('Specialista42', 'Cognome42', 'sp42@example.com', '3200000042', 'Via Medico 42', 'Operatore'),
('Specialista43', 'Cognome43', 'sp43@example.com', '3200000043', 'Via Medico 43', 'Operatore'),
('Specialista44', 'Cognome44', 'sp44@example.com', '3200000044', 'Via Medico 44', 'Operatore'),
('Specialista45', 'Cognome45', 'sp45@example.com', '3200000045', 'Via Medico 45', 'Operatore'),
('Specialista46', 'Cognome46', 'sp46@example.com', '3200000046', 'Via Medico 46', 'Operatore'),
('Specialista47', 'Cognome47', 'sp47@example.com', '3200000047', 'Via Medico 47', 'Operatore'),
('Specialista48', 'Cognome48', 'sp48@example.com', '3200000048', 'Via Medico 48', 'Operatore'),
('Specialista49', 'Cognome49', 'sp49@example.com', '3200000049', 'Via Medico 49', 'Operatore'),
('Specialista50', 'Cognome50', 'sp50@example.com', '3200000050', 'Via Medico 50', 'Operatore');

-- Populate Sede with 50 records
INSERT INTO Sede (nome, indirizzo, comune, provincia, cap, telefono, email) VALUES
('Sede 1', 'Via Sede 1', 'Citta1', 'PR', '00001', '01101', 'sede1@example.com'),
('Sede 2', 'Via Sede 2', 'Citta2', 'PR', '00002', '01102', 'sede2@example.com'),
('Sede 3', 'Via Sede 3', 'Citta3', 'PR', '00003', '01103', 'sede3@example.com'),
('Sede 4', 'Via Sede 4', 'Citta4', 'PR', '00004', '01104', 'sede4@example.com'),
('Sede 5', 'Via Sede 5', 'Citta5', 'PR', '00005', '01105', 'sede5@example.com'),
('Sede 6', 'Via Sede 6', 'Citta6', 'PR', '00006', '01106', 'sede6@example.com'),
('Sede 7', 'Via Sede 7', 'Citta7', 'PR', '00007', '01107', 'sede7@example.com'),
('Sede 8', 'Via Sede 8', 'Citta8', 'PR', '00008', '01108', 'sede8@example.com'),
('Sede 9', 'Via Sede 9', 'Citta9', 'PR', '00009', '01109', 'sede9@example.com'),
('Sede 10', 'Via Sede 10', 'Citta10', 'PR', '00010', '01110', 'sede10@example.com'),
('Sede 11', 'Via Sede 11', 'Citta11', 'PR', '00011', '01111', 'sede11@example.com'),
('Sede 12', 'Via Sede 12', 'Citta12', 'PR', '00012', '01112', 'sede12@example.com'),
('Sede 13', 'Via Sede 13', 'Citta13', 'PR', '00013', '01113', 'sede13@example.com'),
('Sede 14', 'Via Sede 14', 'Citta14', 'PR', '00014', '01114', 'sede14@example.com'),
('Sede 15', 'Via Sede 15', 'Citta15', 'PR', '00015', '01115', 'sede15@example.com'),
('Sede 16', 'Via Sede 16', 'Citta16', 'PR', '00016', '01116', 'sede16@example.com'),
('Sede 17', 'Via Sede 17', 'Citta17', 'PR', '00017', '01117', 'sede17@example.com'),
('Sede 18', 'Via Sede 18', 'Citta18', 'PR', '00018', '01118', 'sede18@example.com'),
('Sede 19', 'Via Sede 19', 'Citta19', 'PR', '00019', '01119', 'sede19@example.com'),
('Sede 20', 'Via Sede 20', 'Citta20', 'PR', '00020', '01120', 'sede20@example.com'),
('Sede 21', 'Via Sede 21', 'Citta21', 'PR', '00021', '01121', 'sede21@example.com'),
('Sede 22', 'Via Sede 22', 'Citta22', 'PR', '00022', '01122', 'sede22@example.com'),
('Sede 23', 'Via Sede 23', 'Citta23', 'PR', '00023', '01123', 'sede23@example.com'),
('Sede 24', 'Via Sede 24', 'Citta24', 'PR', '00024', '01124', 'sede24@example.com'),
('Sede 25', 'Via Sede 25', 'Citta25', 'PR', '00025', '01125', 'sede25@example.com'),
('Sede 26', 'Via Sede 26', 'Citta26', 'PR', '00026', '01126', 'sede26@example.com'),
('Sede 27', 'Via Sede 27', 'Citta27', 'PR', '00027', '01127', 'sede27@example.com'),
('Sede 28', 'Via Sede 28', 'Citta28', 'PR', '00028', '01128', 'sede28@example.com'),
('Sede 29', 'Via Sede 29', 'Citta29', 'PR', '00029', '01129', 'sede29@example.com'),
('Sede 30', 'Via Sede 30', 'Citta30', 'PR', '00030', '01130', 'sede30@example.com'),
('Sede 31', 'Via Sede 31', 'Citta31', 'PR', '00031', '01131', 'sede31@example.com'),
('Sede 32', 'Via Sede 32', 'Citta32', 'PR', '00032', '01132', 'sede32@example.com'),
('Sede 33', 'Via Sede 33', 'Citta33', 'PR', '00033', '01133', 'sede33@example.com'),
('Sede 34', 'Via Sede 34', 'Citta34', 'PR', '00034', '01134', 'sede34@example.com'),
('Sede 35', 'Via Sede 35', 'Citta35', 'PR', '00035', '01135', 'sede35@example.com'),
('Sede 36', 'Via Sede 36', 'Citta36', 'PR', '00036', '01136', 'sede36@example.com'),
('Sede 37', 'Via Sede 37', 'Citta37', 'PR', '00037', '01137', 'sede37@example.com'),
('Sede 38', 'Via Sede 38', 'Citta38', 'PR', '00038', '01138', 'sede38@example.com'),
('Sede 39', 'Via Sede 39', 'Citta39', 'PR', '00039', '01139', 'sede39@example.com'),
('Sede 40', 'Via Sede 40', 'Citta40', 'PR', '00040', '01140', 'sede40@example.com'),
('Sede 41', 'Via Sede 41', 'Citta41', 'PR', '00041', '01141', 'sede41@example.com'),
('Sede 42', 'Via Sede 42', 'Citta42', 'PR', '00042', '01142', 'sede42@example.com'),
('Sede 43', 'Via Sede 43', 'Citta43', 'PR', '00043', '01143', 'sede43@example.com'),
('Sede 44', 'Via Sede 44', 'Citta44', 'PR', '00044', '01144', 'sede44@example.com'),
('Sede 45', 'Via Sede 45', 'Citta45', 'PR', '00045', '01145', 'sede45@example.com'),
('Sede 46', 'Via Sede 46', 'Citta46', 'PR', '00046', '01146', 'sede46@example.com'),
('Sede 47', 'Via Sede 47', 'Citta47', 'PR', '00047', '01147', 'sede47@example.com'),
('Sede 48', 'Via Sede 48', 'Citta48', 'PR', '00048', '01148', 'sede48@example.com'),
('Sede 49', 'Via Sede 49', 'Citta49', 'PR', '00049', '01149', 'sede49@example.com'),
('Sede 50', 'Via Sede 50', 'Citta50', 'PR', '00050', '01150', 'sede50@example.com');

-- Populate Utente with 50 records
INSERT INTO Utente (operatore_id, data_inserimento, riferimento, nome, cognome, codice_fiscale, sesso, data_nascita, luogo_nascita, telefono, email) VALUES
(2, '2024-01-02', 'REF0001', 'Nome1', 'Cognome1', 'AAAAAA0000000001', 'M', '1990-01-02', 'Citta1', '3201230001', 'user1@example.com'),
(3, '2024-01-03', 'REF0002', 'Nome2', 'Cognome2', 'AAAAAA0000000002', 'F', '1990-01-03', 'Citta2', '3201230002', 'user2@example.com'),
(4, '2024-01-04', 'REF0003', 'Nome3', 'Cognome3', 'AAAAAA0000000003', 'M', '1990-01-04', 'Citta3', '3201230003', 'user3@example.com'),
(5, '2024-01-05', 'REF0004', 'Nome4', 'Cognome4', 'AAAAAA0000000004', 'F', '1990-01-05', 'Citta4', '3201230004', 'user4@example.com'),
(6, '2024-01-06', 'REF0005', 'Nome5', 'Cognome5', 'AAAAAA0000000005', 'M', '1990-01-06', 'Citta5', '3201230005', 'user5@example.com'),
(7, '2024-01-07', 'REF0006', 'Nome6', 'Cognome6', 'AAAAAA0000000006', 'F', '1990-01-07', 'Citta6', '3201230006', 'user6@example.com'),
(8, '2024-01-08', 'REF0007', 'Nome7', 'Cognome7', 'AAAAAA0000000007', 'M', '1990-01-08', 'Citta7', '3201230007', 'user7@example.com'),
(9, '2024-01-09', 'REF0008', 'Nome8', 'Cognome8', 'AAAAAA0000000008', 'F', '1990-01-09', 'Citta8', '3201230008', 'user8@example.com'),
(10, '2024-01-10', 'REF0009', 'Nome9', 'Cognome9', 'AAAAAA0000000009', 'M', '1990-01-10', 'Citta9', '3201230009', 'user9@example.com'),
(11, '2024-01-11', 'REF0010', 'Nome10', 'Cognome10', 'AAAAAA0000000010', 'F', '1990-01-11', 'Citta10', '3201230010', 'user10@example.com'),
(12, '2024-01-12', 'REF0011', 'Nome11', 'Cognome11', 'AAAAAA0000000011', 'M', '1990-01-12', 'Citta11', '3201230011', 'user11@example.com'),
(13, '2024-01-13', 'REF0012', 'Nome12', 'Cognome12', 'AAAAAA0000000012', 'F', '1990-01-13', 'Citta12', '3201230012', 'user12@example.com'),
(14, '2024-01-14', 'REF0013', 'Nome13', 'Cognome13', 'AAAAAA0000000013', 'M', '1990-01-14', 'Citta13', '3201230013', 'user13@example.com'),
(15, '2024-01-15', 'REF0014', 'Nome14', 'Cognome14', 'AAAAAA0000000014', 'F', '1990-01-15', 'Citta14', '3201230014', 'user14@example.com'),
(16, '2024-01-16', 'REF0015', 'Nome15', 'Cognome15', 'AAAAAA0000000015', 'M', '1990-01-16', 'Citta15', '3201230015', 'user15@example.com'),
(17, '2024-01-17', 'REF0016', 'Nome16', 'Cognome16', 'AAAAAA0000000016', 'F', '1990-01-17', 'Citta16', '3201230016', 'user16@example.com'),
(18, '2024-01-18', 'REF0017', 'Nome17', 'Cognome17', 'AAAAAA0000000017', 'M', '1990-01-18', 'Citta17', '3201230017', 'user17@example.com'),
(19, '2024-01-19', 'REF0018', 'Nome18', 'Cognome18', 'AAAAAA0000000018', 'F', '1990-01-19', 'Citta18', '3201230018', 'user18@example.com'),
(20, '2024-01-20', 'REF0019', 'Nome19', 'Cognome19', 'AAAAAA0000000019', 'M', '1990-01-20', 'Citta19', '3201230019', 'user19@example.com'),
(21, '2024-01-21', 'REF0020', 'Nome20', 'Cognome20', 'AAAAAA0000000020', 'F', '1990-01-21', 'Citta20', '3201230020', 'user20@example.com'),
(22, '2024-01-22', 'REF0021', 'Nome21', 'Cognome21', 'AAAAAA0000000021', 'M', '1990-01-22', 'Citta21', '3201230021', 'user21@example.com'),
(23, '2024-01-23', 'REF0022', 'Nome22', 'Cognome22', 'AAAAAA0000000022', 'F', '1990-01-23', 'Citta22', '3201230022', 'user22@example.com'),
(24, '2024-01-24', 'REF0023', 'Nome23', 'Cognome23', 'AAAAAA0000000023', 'M', '1990-01-24', 'Citta23', '3201230023', 'user23@example.com'),
(25, '2024-01-25', 'REF0024', 'Nome24', 'Cognome24', 'AAAAAA0000000024', 'F', '1990-01-25', 'Citta24', '3201230024', 'user24@example.com'),
(26, '2024-01-26', 'REF0025', 'Nome25', 'Cognome25', 'AAAAAA0000000025', 'M', '1990-01-26', 'Citta25', '3201230025', 'user25@example.com'),
(27, '2024-01-27', 'REF0026', 'Nome26', 'Cognome26', 'AAAAAA0000000026', 'F', '1990-01-27', 'Citta26', '3201230026', 'user26@example.com'),
(28, '2024-01-28', 'REF0027', 'Nome27', 'Cognome27', 'AAAAAA0000000027', 'M', '1990-01-28', 'Citta27', '3201230027', 'user27@example.com'),
(29, '2024-01-01', 'REF0028', 'Nome28', 'Cognome28', 'AAAAAA0000000028', 'F', '1990-01-01', 'Citta28', '3201230028', 'user28@example.com'),
(30, '2024-01-02', 'REF0029', 'Nome29', 'Cognome29', 'AAAAAA0000000029', 'M', '1990-01-02', 'Citta29', '3201230029', 'user29@example.com'),
(31, '2024-01-03', 'REF0030', 'Nome30', 'Cognome30', 'AAAAAA0000000030', 'F', '1990-01-03', 'Citta30', '3201230030', 'user30@example.com'),
(32, '2024-01-04', 'REF0031', 'Nome31', 'Cognome31', 'AAAAAA0000000031', 'M', '1990-01-04', 'Citta31', '3201230031', 'user31@example.com'),
(33, '2024-01-05', 'REF0032', 'Nome32', 'Cognome32', 'AAAAAA0000000032', 'F', '1990-01-05', 'Citta32', '3201230032', 'user32@example.com'),
(34, '2024-01-06', 'REF0033', 'Nome33', 'Cognome33', 'AAAAAA0000000033', 'M', '1990-01-06', 'Citta33', '3201230033', 'user33@example.com'),
(35, '2024-01-07', 'REF0034', 'Nome34', 'Cognome34', 'AAAAAA0000000034', 'F', '1990-01-07', 'Citta34', '3201230034', 'user34@example.com'),
(36, '2024-01-08', 'REF0035', 'Nome35', 'Cognome35', 'AAAAAA0000000035', 'M', '1990-01-08', 'Citta35', '3201230035', 'user35@example.com'),
(37, '2024-01-09', 'REF0036', 'Nome36', 'Cognome36', 'AAAAAA0000000036', 'F', '1990-01-09', 'Citta36', '3201230036', 'user36@example.com'),
(38, '2024-01-10', 'REF0037', 'Nome37', 'Cognome37', 'AAAAAA0000000037', 'M', '1990-01-10', 'Citta37', '3201230037', 'user37@example.com'),
(39, '2024-01-11', 'REF0038', 'Nome38', 'Cognome38', 'AAAAAA0000000038', 'F', '1990-01-11', 'Citta38', '3201230038', 'user38@example.com'),
(40, '2024-01-12', 'REF0039', 'Nome39', 'Cognome39', 'AAAAAA0000000039', 'M', '1990-01-12', 'Citta39', '3201230039', 'user39@example.com'),
(41, '2024-01-13', 'REF0040', 'Nome40', 'Cognome40', 'AAAAAA0000000040', 'F', '1990-01-13', 'Citta40', '3201230040', 'user40@example.com'),
(42, '2024-01-14', 'REF0041', 'Nome41', 'Cognome41', 'AAAAAA0000000041', 'M', '1990-01-14', 'Citta41', '3201230041', 'user41@example.com'),
(43, '2024-01-15', 'REF0042', 'Nome42', 'Cognome42', 'AAAAAA0000000042', 'F', '1990-01-15', 'Citta42', '3201230042', 'user42@example.com'),
(44, '2024-01-16', 'REF0043', 'Nome43', 'Cognome43', 'AAAAAA0000000043', 'M', '1990-01-16', 'Citta43', '3201230043', 'user43@example.com'),
(45, '2024-01-17', 'REF0044', 'Nome44', 'Cognome44', 'AAAAAA0000000044', 'F', '1990-01-17', 'Citta44', '3201230044', 'user44@example.com'),
(46, '2024-01-18', 'REF0045', 'Nome45', 'Cognome45', 'AAAAAA0000000045', 'M', '1990-01-18', 'Citta45', '3201230045', 'user45@example.com'),
(47, '2024-01-19', 'REF0046', 'Nome46', 'Cognome46', 'AAAAAA0000000046', 'F', '1990-01-19', 'Citta46', '3201230046', 'user46@example.com'),
(48, '2024-01-20', 'REF0047', 'Nome47', 'Cognome47', 'AAAAAA0000000047', 'M', '1990-01-20', 'Citta47', '3201230047', 'user47@example.com'),
(49, '2024-01-21', 'REF0048', 'Nome48', 'Cognome48', 'AAAAAA0000000048', 'F', '1990-01-21', 'Citta48', '3201230048', 'user48@example.com'),
(50, '2024-01-22', 'REF0049', 'Nome49', 'Cognome49', 'AAAAAA0000000049', 'M', '1990-01-22', 'Citta49', '3201230049', 'user49@example.com'),
(1, '2024-01-23', 'REF0050', 'Nome50', 'Cognome50', 'AAAAAA0000000050', 'F', '1990-01-23', 'Citta50', '3201230050', 'user50@example.com');

-- Populate Afferenza with 50 records
INSERT INTO Afferenza (utente_id, specialista_id, ruolo, data_inizio, data_fine) VALUES
(1, 1, 'Referente', '2024-02-01', NULL),
(2, 2, 'Referente', '2024-02-01', NULL),
(3, 3, 'Referente', '2024-02-01', NULL),
(4, 4, 'Referente', '2024-02-01', NULL),
(5, 5, 'Referente', '2024-02-01', NULL),
(6, 6, 'Referente', '2024-02-01', NULL),
(7, 7, 'Referente', '2024-02-01', NULL),
(8, 8, 'Referente', '2024-02-01', NULL),
(9, 9, 'Referente', '2024-02-01', NULL),
(10, 10, 'Referente', '2024-02-01', NULL),
(11, 11, 'Referente', '2024-02-01', NULL),
(12, 12, 'Referente', '2024-02-01', NULL),
(13, 13, 'Referente', '2024-02-01', NULL),
(14, 14, 'Referente', '2024-02-01', NULL),
(15, 15, 'Referente', '2024-02-01', NULL),
(16, 16, 'Referente', '2024-02-01', NULL),
(17, 17, 'Referente', '2024-02-01', NULL),
(18, 18, 'Referente', '2024-02-01', NULL),
(19, 19, 'Referente', '2024-02-01', NULL),
(20, 20, 'Referente', '2024-02-01', NULL),
(21, 21, 'Referente', '2024-02-01', NULL),
(22, 22, 'Referente', '2024-02-01', NULL),
(23, 23, 'Referente', '2024-02-01', NULL),
(24, 24, 'Referente', '2024-02-01', NULL),
(25, 25, 'Referente', '2024-02-01', NULL),
(26, 26, 'Referente', '2024-02-01', NULL),
(27, 27, 'Referente', '2024-02-01', NULL),
(28, 28, 'Referente', '2024-02-01', NULL),
(29, 29, 'Referente', '2024-02-01', NULL),
(30, 30, 'Referente', '2024-02-01', NULL),
(31, 31, 'Referente', '2024-02-01', NULL),
(32, 32, 'Referente', '2024-02-01', NULL),
(33, 33, 'Referente', '2024-02-01', NULL),
(34, 34, 'Referente', '2024-02-01', NULL),
(35, 35, 'Referente', '2024-02-01', NULL),
(36, 36, 'Referente', '2024-02-01', NULL),
(37, 37, 'Referente', '2024-02-01', NULL),
(38, 38, 'Referente', '2024-02-01', NULL),
(39, 39, 'Referente', '2024-02-01', NULL),
(40, 40, 'Referente', '2024-02-01', NULL),
(41, 41, 'Referente', '2024-02-01', NULL),
(42, 42, 'Referente', '2024-02-01', NULL),
(43, 43, 'Referente', '2024-02-01', NULL),
(44, 44, 'Referente', '2024-02-01', NULL),
(45, 45, 'Referente', '2024-02-01', NULL),
(46, 46, 'Referente', '2024-02-01', NULL),
(47, 47, 'Referente', '2024-02-01', NULL),
(48, 48, 'Referente', '2024-02-01', NULL),
(49, 49, 'Referente', '2024-02-01', NULL),
(50, 50, 'Referente', '2024-02-01', NULL);

-- Populate Provvedimento with 50 records
INSERT INTO Provvedimento (utente_id, sede_id, tipo, data_inizio, data_fine, ore_minime, giorni_minimi, polizza_inail, stato, note) VALUES
(1, 1, 'LPU', '2024-03-02 09:00:00', '2024-04-02 17:00:00', NULL, NULL, 'POL001', 'Attivo', NULL),
(2, 2, 'Messa alla prova', '2024-03-03 09:00:00', '2024-04-03 17:00:00', NULL, NULL, 'POL002', 'Attivo', NULL),
(3, 3, 'Volontariato', '2024-03-04 09:00:00', '2024-04-04 17:00:00', NULL, NULL, NULL, 'Attivo', NULL),
(4, 4, 'LPU', '2024-03-05 09:00:00', '2024-04-05 17:00:00', NULL, NULL, 'POL004', 'Attivo', NULL),
(5, 5, 'Messa alla prova', '2024-03-06 09:00:00', '2024-04-06 17:00:00', NULL, NULL, 'POL005', 'Attivo', NULL),
(6, 6, 'Volontariato', '2024-03-07 09:00:00', '2024-04-07 17:00:00', NULL, NULL, NULL, 'Attivo', NULL),
(7, 7, 'LPU', '2024-03-08 09:00:00', '2024-04-08 17:00:00', NULL, NULL, 'POL007', 'Attivo', NULL),
(8, 8, 'Messa alla prova', '2024-03-09 09:00:00', '2024-04-09 17:00:00', NULL, NULL, 'POL008', 'Attivo', NULL),
(9, 9, 'Volontariato', '2024-03-10 09:00:00', '2024-04-10 17:00:00', NULL, NULL, NULL, 'Attivo', NULL),
(10, 10, 'LPU', '2024-03-11 09:00:00', '2024-04-11 17:00:00', NULL, NULL, 'POL010', 'Attivo', NULL),
(11, 11, 'Messa alla prova', '2024-03-12 09:00:00', '2024-04-12 17:00:00', NULL, NULL, 'POL011', 'Attivo', NULL),
(12, 12, 'Volontariato', '2024-03-13 09:00:00', '2024-04-13 17:00:00', NULL, NULL, NULL, 'Attivo', NULL),
(13, 13, 'LPU', '2024-03-14 09:00:00', '2024-04-14 17:00:00', NULL, NULL, 'POL013', 'Attivo', NULL),
(14, 14, 'Messa alla prova', '2024-03-15 09:00:00', '2024-04-15 17:00:00', NULL, NULL, 'POL014', 'Attivo', NULL),
(15, 15, 'Volontariato', '2024-03-16 09:00:00', '2024-04-16 17:00:00', NULL, NULL, NULL, 'Attivo', NULL),
(16, 16, 'LPU', '2024-03-17 09:00:00', '2024-04-17 17:00:00', NULL, NULL, 'POL016', 'Attivo', NULL),
(17, 17, 'Messa alla prova', '2024-03-18 09:00:00', '2024-04-18 17:00:00', NULL, NULL, 'POL017', 'Attivo', NULL),
(18, 18, 'Volontariato', '2024-03-19 09:00:00', '2024-04-19 17:00:00', NULL, NULL, NULL, 'Attivo', NULL),
(19, 19, 'LPU', '2024-03-20 09:00:00', '2024-04-20 17:00:00', NULL, NULL, 'POL019', 'Attivo', NULL),
(20, 20, 'Messa alla prova', '2024-03-21 09:00:00', '2024-04-21 17:00:00', NULL, NULL, 'POL020', 'Attivo', NULL),
(21, 21, 'Volontariato', '2024-03-22 09:00:00', '2024-04-22 17:00:00', NULL, NULL, NULL, 'Attivo', NULL),
(22, 22, 'LPU', '2024-03-23 09:00:00', '2024-04-23 17:00:00', NULL, NULL, 'POL022', 'Attivo', NULL),
(23, 23, 'Messa alla prova', '2024-03-24 09:00:00', '2024-04-24 17:00:00', NULL, NULL, 'POL023', 'Attivo', NULL),
(24, 24, 'Volontariato', '2024-03-25 09:00:00', '2024-04-25 17:00:00', NULL, NULL, NULL, 'Attivo', NULL),
(25, 25, 'LPU', '2024-03-26 09:00:00', '2024-04-26 17:00:00', NULL, NULL, 'POL025', 'Attivo', NULL),
(26, 26, 'Messa alla prova', '2024-03-27 09:00:00', '2024-04-27 17:00:00', NULL, NULL, 'POL026', 'Attivo', NULL),
(27, 27, 'Volontariato', '2024-03-28 09:00:00', '2024-04-28 17:00:00', NULL, NULL, NULL, 'Attivo', NULL),
(28, 28, 'LPU', '2024-03-01 09:00:00', '2024-04-01 17:00:00', NULL, NULL, 'POL028', 'Attivo', NULL),
(29, 29, 'Messa alla prova', '2024-03-02 09:00:00', '2024-04-02 17:00:00', NULL, NULL, 'POL029', 'Attivo', NULL),
(30, 30, 'Volontariato', '2024-03-03 09:00:00', '2024-04-03 17:00:00', NULL, NULL, NULL, 'Attivo', NULL),
(31, 31, 'LPU', '2024-03-04 09:00:00', '2024-04-04 17:00:00', NULL, NULL, 'POL031', 'Attivo', NULL),
(32, 32, 'Messa alla prova', '2024-03-05 09:00:00', '2024-04-05 17:00:00', NULL, NULL, 'POL032', 'Attivo', NULL),
(33, 33, 'Volontariato', '2024-03-06 09:00:00', '2024-04-06 17:00:00', NULL, NULL, NULL, 'Attivo', NULL),
(34, 34, 'LPU', '2024-03-07 09:00:00', '2024-04-07 17:00:00', NULL, NULL, 'POL034', 'Attivo', NULL),
(35, 35, 'Messa alla prova', '2024-03-08 09:00:00', '2024-04-08 17:00:00', NULL, NULL, 'POL035', 'Attivo', NULL),
(36, 36, 'Volontariato', '2024-03-09 09:00:00', '2024-04-09 17:00:00', NULL, NULL, NULL, 'Attivo', NULL),
(37, 37, 'LPU', '2024-03-10 09:00:00', '2024-04-10 17:00:00', NULL, NULL, 'POL037', 'Attivo', NULL),
(38, 38, 'Messa alla prova', '2024-03-11 09:00:00', '2024-04-11 17:00:00', NULL, NULL, 'POL038', 'Attivo', NULL),
(39, 39, 'Volontariato', '2024-03-12 09:00:00', '2024-04-12 17:00:00', NULL, NULL, NULL, 'Attivo', NULL),
(40, 40, 'LPU', '2024-03-13 09:00:00', '2024-04-13 17:00:00', NULL, NULL, 'POL040', 'Attivo', NULL),
(41, 41, 'Messa alla prova', '2024-03-14 09:00:00', '2024-04-14 17:00:00', NULL, NULL, 'POL041', 'Attivo', NULL),
(42, 42, 'Volontariato', '2024-03-15 09:00:00', '2024-04-15 17:00:00', NULL, NULL, NULL, 'Attivo', NULL),
(43, 43, 'LPU', '2024-03-16 09:00:00', '2024-04-16 17:00:00', NULL, NULL, 'POL043', 'Attivo', NULL),
(44, 44, 'Messa alla prova', '2024-03-17 09:00:00', '2024-04-17 17:00:00', NULL, NULL, 'POL044', 'Attivo', NULL),
(45, 45, 'Volontariato', '2024-03-18 09:00:00', '2024-04-18 17:00:00', NULL, NULL, NULL, 'Attivo', NULL),
(46, 46, 'LPU', '2024-03-19 09:00:00', '2024-04-19 17:00:00', NULL, NULL, 'POL046', 'Attivo', NULL),
(47, 47, 'Messa alla prova', '2024-03-20 09:00:00', '2024-04-20 17:00:00', NULL, NULL, 'POL047', 'Attivo', NULL),
(48, 48, 'Volontariato', '2024-03-21 09:00:00', '2024-04-21 17:00:00', NULL, NULL, NULL, 'Attivo', NULL),
(49, 49, 'LPU', '2024-03-22 09:00:00', '2024-04-22 17:00:00', NULL, NULL, 'POL049', 'Attivo', NULL),
(50, 50, 'Messa alla prova', '2024-03-23 09:00:00', '2024-04-23 17:00:00', NULL, NULL, 'POL050', 'Attivo', NULL);




